USE freefood_db;

LOCK TABLES `categories` WRITE;
INSERT INTO `categories`
    VALUES (1, 'entrada'), (2, 'plato principal'), (3, 'postre'), (4, 'bebida');
UNLOCK TABLES;

LOCK TABLES `statuses` WRITE;
INSERT INTO `statuses`
    VALUES (1, 'novedad'), (2, 'oferta'), (3, 'recomendado'), (4, 'mas vendido');
UNLOCK TABLES;

LOCK TABLES `roles` WRITE;
INSERT INTO `roles`
    VALUES (1, 'administrador'), (2, 'usuario');
UNLOCK TABLES;

LOCK TABLES `products` WRITE;
insert into products (id, name, price, image, discount, description, categories_id, statuses_id) values (1, 'Pasta fresca con langostinos', 60.5, 'fNoodles.png', 0, 'Cintas de harina de semola envuelta en vegetales frescos con langostinos salteados Nulla rhoncus malesuada vestibulum. Quisque eleifend finibus rutrum. Sed vitae libero id diam commodo imperdiet. Duis cursus, massa ut pharetra efficitur, arcu mauris auctor quam, quis sollicitudin nibh ex sit amet elit. Suspendisse et dictum tellus. Donec vestibulum quis nisi vel ullamcorper. Curabitur sagittis nunc ac ornare tristique. Phasellus in laoreet orci.', 2, 1);
insert into products (id, name, price, image, discount, description, categories_id, statuses_id) values (2, 'Barbacoa con ensalada gourmet', 55.53, 'fBarbacoaEnsalada.png', 0, 'neque sapien placerat ante nulla justo aliquam quis turpis eget elit sodales scelerisque mauris sit amet eros suspendisse accumsan tortor quis turpis sed ante vivamus tortor duis mattis egestas metus aenean fermentum donec ut mauris eget massa tempor convallis nulla neque libero convallis eget eleifend luctus ultricies eu nibh quisque', 2, 1);
insert into products (id, name, price, image, discount, description, categories_id, statuses_id) values (3, 'Ribs de cerdo', 37.53, 'fCostillas.png', 0, 'Costillas de cerdo en salsa BBQ y salsa de la casa Nulla rhoncus malesuada vestibulum. Quisque eleifend finibus rutrum. Sed vitae libero id diam commodo imperdiet. Duis cursus, massa ut pharetra efficitur, arcu mauris auctor quam, quis sollicitudin nibh ex sit amet elit. Suspendisse et dictum tellus. Donec vestibulum quis nisi vel ullamcorper. Curabitur sagittis nunc ac ornare tristique. Phasellus in laoreet orci.', 2, 3);
insert into products (id, name, price, image, discount, description, categories_id, statuses_id) values (4, 'Falafel vegetariano con hummus', 54.76, 'fFalafelHummus.png', 0, 'Falafel con hummus y vegetales frescos Nulla rhoncus malesuada vestibulum. Quisque eleifend finibus rutrum. Sed vitae libero id diam commodo imperdiet. Duis cursus, massa ut pharetra efficitur, arcu mauris auctor quam, quis sollicitudin nibh ex sit amet elit. Suspendisse et dictum tellus. Donec vestibulum quis nisi vel ullamcorper. Curabitur sagittis nunc ac ornare tristique. Phasellus in laoreet orci.', 2, 4);
insert into products (id, name, price, image, discount, description, categories_id, statuses_id) values (5, 'Milanesa con vegetales', 53.65, 'fMilanesaVegetales.png', 0, 'amet cursus id turpis integer aliquet massa id lobortis convallis tortor risus dapibus augue vel accumsan tellus nisi eu orci mauris lacinia sapien quis libero nullam sit amet turpis elementum ligula vehicula consequat morbi a ipsum integer a nibh', 2, 1);
insert into products (id, name, price, image, discount, description, categories_id, statuses_id) values (6, 'Paella mediterránea', 73.33, 'fPaellaMediterranea.png', 10, 'Paella de mariscos Nulla rhoncus malesuada vestibulum. Quisque eleifend finibus rutrum. Sed vitae libero id diam commodo imperdiet. Duis cursus, massa ut pharetra efficitur, arcu mauris auctor quam, quis sollicitudin nibh ex sit amet elit. Suspendisse et dictum tellus. Donec vestibulum quis nisi vel ullamcorper. Curabitur sagittis nunc ac ornare tristique. Phasellus in laoreet orci.', 2, 2);
insert into products (id, name, price, image, discount, description, categories_id, statuses_id) values (7, 'Pollo frito con papas rústicas', 53.99, 'fPolloFritoVegetales.png', 20, 'Pollo frito con papas rústicas y ensalada Nulla rhoncus malesuada vestibulum. Quisque eleifend finibus rutrum. Sed vitae libero id diam commodo imperdiet. Duis cursus, massa ut pharetra efficitur, arcu mauris auctor quam, quis sollicitudin nibh ex sit amet elit. Suspendisse et dictum tellus. Donec vestibulum quis nisi vel ullamcorper. Curabitur sagittis nunc ac ornare tristique. Phasellus in laoreet orci.', 2, 2);
insert into products (id, name, price, image, discount, description, categories_id, statuses_id) values (8, 'Salmón con vegetales frescos', 67.98, 'default.png', 0, 'Salmón ahumado con vegetales frescos Nulla rhoncus malesuada vestibulum. Quisque eleifend finibus rutrum. Sed vitae libero id diam commodo imperdiet. Duis cursus, massa ut pharetra efficitur, arcu mauris auctor quam, quis sollicitudin nibh ex sit amet elit. Suspendisse et dictum tellus. Donec vestibulum quis nisi vel ullamcorper. Curabitur sagittis nunc ac ornare tristique. Phasellus in laoreet orci.', 2, 1);
insert into products (id, name, price, image, discount, description, categories_id, statuses_id) values (9, 'Solomito con papas rústicas', 57.78, 'fSolomito.png', 0, 'Solomito con papas rústicas y ensalada primavera Nulla rhoncus malesuada vestibulum. Quisque eleifend finibus rutrum. Sed vitae libero id diam commodo imperdiet. Duis cursus, massa ut pharetra efficitur, arcu mauris auctor quam, quis sollicitudin nibh ex sit amet elit. Suspendisse et dictum tellus. Donec vestibulum quis nisi vel ullamcorper. Curabitur sagittis nunc ac ornare tristique. Phasellus in laoreet orci.', 2, 3);
insert into products (id, name, price, image, discount, description, categories_id, statuses_id) values (10, 'Coca-Cola 2.25L', 10.65, 'bCocacola.png', 22, 'Coca-Cola 2.25L Nulla rhoncus malesuada vestibulum. Quisque eleifend finibus rutrum. Sed vitae libero id diam commodo imperdiet. Duis cursus, massa ut pharetra efficitur, arcu mauris auctor quam, quis sollicitudin nibh ex sit amet elit. Suspendisse et dictum tellus. Donec vestibulum quis nisi vel ullamcorper. Curabitur sagittis nunc ac ornare tristique. Phasellus in laoreet orci.', 4, 2);
insert into products (id, name, price, image, discount, description, categories_id, statuses_id) values (11, 'Agua sin gas', 4.2, 'bAgua.png', 0, 'Agua en botella sin gas Nulla rhoncus malesuada vestibulum. Quisque eleifend finibus rutrum. Sed vitae libero id diam commodo imperdiet. Duis cursus, massa ut pharetra efficitur, arcu mauris auctor quam, quis sollicitudin nibh ex sit amet elit. Suspendisse et dictum tellus. Donec vestibulum quis nisi vel ullamcorper. Curabitur sagittis nunc ac ornare tristique. Phasellus in laoreet orci.', 4, 4);
insert into products (id, name, price, image, discount, description, categories_id, statuses_id) values (12, 'Coctel de vodka y kiwi', 12.75, 'bCoctelVodkaKiwi.png', 91, 'Coctel de vodka con trozos de kiwi Nulla rhoncus malesuada vestibulum. Quisque eleifend finibus rutrum. Sed vitae libero id diam commodo imperdiet. Duis cursus, massa ut pharetra efficitur, arcu mauris auctor quam, quis sollicitudin nibh ex sit amet elit. Suspendisse et dictum tellus. Donec vestibulum quis nisi vel ullamcorper. Curabitur sagittis nunc ac ornare tristique. Phasellus in laoreet orci.', 4, 1);
insert into products (id, name, price, image, discount, description, categories_id, statuses_id) values (13, 'Jugo de naranja', 7.5, 'bJugoNaranja.png', 0, 'Jugo natural de naranja sin azúcar Nulla rhoncus malesuada vestibulum. Quisque eleifend finibus rutrum. Sed vitae libero id diam commodo imperdiet. Duis cursus, massa ut pharetra efficitur, arcu mauris auctor quam, quis sollicitudin nibh ex sit amet elit. Suspendisse et dictum tellus. Donec vestibulum quis nisi vel ullamcorper. Curabitur sagittis nunc ac ornare tristique. Phasellus in laoreet orci.', 4, 1);
insert into products (id, name, price, image, discount, description, categories_id, statuses_id) values (14, 'Sangría de frutos rojos', 11.75, 'bSangria.png', 0, 'Sangría con variedad de frutos rojos en trozos dui maecenas tristique est et tempus semper est quam pharetra magna ac consequat metus sapien ut nunc vestibulum ante ipsum primis in faucibus orci luctus et ultrices posuere cubilia curae mauris viverra diam vitae quam suspendisse potenti nullam porttitor lacus at turpis donec posuere metus', 4, 3);
insert into products (id, name, price, image, discount, description, categories_id, statuses_id) values (15, 'Bruschettas con salsa de tomate', 11.75, 'eBruschettasSalsaTomate.png', 0, 'Bruschettas con salsa de tomate in est risus auctor sed tristique in tempus sit amet sem fusce consequat nulla nisl nunc nisl duis bibendum felis sed interdum venenatis turpis enim blandit mi in porttitor pede justo eu massa donec dapibus duis at velit eu est congue elementum in hac habitasse', 1, 3);
insert into products (id, name, price, image, discount, description, categories_id, statuses_id) values (16, 'Crema de champiñones', 12.5, 'eCremaChampinones.png', 30, 'Crema de champiñones luctus tincidunt nulla mollis molestie lorem quisque ut erat curabitur gravida nisi at nibh in hac habitasse platea dictumst aliquam augue quam sollicitudin vitae consectetuer eget rutrum at lorem integer tincidunt ante vel ipsum praesent blandit lacinia erat vestibulum sed', 1, 2);
insert into products (id, name, price, image, discount, description, categories_id, statuses_id) values (17, 'Crema de tomate', 12.5, 'eCremaTomate.png', 0, 'Crema de tomate elit sodales scelerisque mauris sit amet eros suspendisse accumsan tortor quis turpis sed ante vivamus tortor duis mattis egestas metus', 1, 3);
insert into products (id, name, price, image, discount, description, categories_id, statuses_id) values (18, 'Crema de verduras', 12.5, 'eCremaVerduras.png', 0, 'Crema de verduras semper est quam pharetra magna ac consequat metus sapien ut nunc vestibulum ante ipsum primis in faucibus orci luctus et ultrices posuere cubilia curae mauris viverra diam vitae quam suspendisse potenti nullam porttitor lacus at turpis donec posuere metus vitae ipsum aliquam non mauris morbi non lectus aliquam', 1, 1);
insert into products (id, name, price, image, discount, description, categories_id, statuses_id) values (19, 'Dips con salsa de la casa', 13.75, 'eDipsSalsaCasa.png', 0, 'Dips con salsa de la casa nec sem duis aliquam convallis nunc proin at turpis a pede posuere nonummy integer non velit donec diam neque vestibulum eget vulputate ut ultrices vel augue vestibulum ante ipsum primis in faucibus orci luctus et ultrices posuere cubilia curae', 1, 4);
insert into products (id, name, price, image, discount, description, categories_id, statuses_id) values (20, 'Ensalada Cesar', 10.75, 'eEnsaladaCesar.png', 17, 'Ensalada Cesar lacinia eget tincidunt eget tempus vel pede morbi porttitor lorem id ligula suspendisse ornare consequat lectus in est risus auctor sed tristique in tempus sit amet sem fusce consequat nulla nisl nunc nisl duis bibendum felis sed interdum venenatis turpis enim blandit mi in porttitor pede justo', 1, 2);
insert into products (id, name, price, image, discount, description, categories_id, statuses_id) values (21, 'Nachos con guacamole', 676.0, 'eNachosGuacamole.png', 34, 'Nachos con guacamole tellus nulla ut erat id mauris vulputate elementum nullam varius nulla facilisi cras non velit nec nisi vulputate nonummy maecenas tincidunt lacus at velit vivamus vel nulla eget eros elementum', 1, 3);
insert into products (id, name, price, image, discount, description, categories_id, statuses_id) values (22, 'Canasta de helado', 13.25, 'default.png', 0, 'Canasta de helado morbi sem mauris laoreet ut rhoncus aliquet pulvinar sed nisl nunc rhoncus dui vel sem sed sagittis nam congue risus semper porta volutpat quam pede lobortis ligula sit amet eleifend pede libero quis orci nullam molestie nibh in lectus', 3, 4);
insert into products (id, name, price, image, discount, description, categories_id, statuses_id) values (23, 'Cheesecake de frutos rojos', 13.25, 'pCheeseCakeFrutosRojos.png', 0, 'Cheesecake de frutos rojos enim sit amet nunc viverra dapibus nulla suscipit ligula in lacus curabitur at ipsum ac tellus semper interdum mauris ullamcorper purus sit amet nulla', 3, 1);
insert into products (id, name, price, image, discount, description, categories_id, statuses_id) values (24, 'Helado de tiramissú', 13.25, 'pHeladoTiramissu.png', 20, 'Helado de tiramissú ultrices posuere cubilia curae duis faucibus accumsan odio curabitur convallis duis consequat dui nec nisi volutpat eleifend donec ut dolor morbi vel lectus in quam fringilla rhoncus mauris enim leo rhoncus sed vestibulum sit', 3, 2);
insert into products (id, name, price, image, discount, description, categories_id, statuses_id) values (25, 'Tarta de chocolate', 13.25, 'pTartaChocolate.png', 0, 'Tarta de chocolate vulputate ut ultrices vel augue vestibulum ante ipsum primis in faucibus orci luctus et ultrices posuere cubilia curae donec pharetra magna vestibulum aliquet ultrices erat tortor sollicitudin mi sit amet lobortis sapien sapien non', 3, 4);
insert into products (id, name, price, image, discount, description, categories_id, statuses_id) values (26, 'Brownie con arequipe', 13.25, 'pTortaChocolate.png', 0, 'Brownie con arequipe sem duis aliquam convallis nunc proin at turpis a pede posuere nonummy integer non velit donec diam neque vestibulum eget vulputate ut ultrices vel augue vestibulum ante ipsum primis in faucibus orci luctus et ultrices posuere cubilia curae donec pharetra magna', 3, 3);
insert into products (id, name, price, image, discount, description, categories_id, statuses_id) values (27, 'Torta de vainilla con chocolate', 15.23, 'pTortaVainillaChocolate.png', 0, 'Torta de vainilla con chocolate orci pede venenatis non sodales sed tincidunt eu felis fusce posuere felis sed lacus morbi sem mauris laoreet ut rhoncus aliquet pulvinar sed nisl nunc rhoncus dui vel sem sed sagittis nam congue risus semper porta volutpat quam pede lobortis ligula sit amet eleifend pede libero quis orci nullam', 3, 1);
insert into products (id, name, price, image, discount, description, categories_id, statuses_id) values (28, 'TEST001', 60.5, 'default.png', 8, 'dui maecenas tristique est et tempus semper est quam pharetra magna ac consequat metus sapien ut nunc vestibulum ante ipsum primis in faucibus orci luctus et ultrices posuere cubilia curae mauris viverra diam vitae quam suspendisse potenti nullam porttitor lacus at turpis donec posuere metus', 4, 3);
insert into products (id, name, price, image, discount, description, categories_id, statuses_id) values (29, 'Waffle con helado', 23.51, 'pWaffleHelado.png', 12, 'Waffle con helado neque vestibulum eget vulputate ut ultrices vel augue vestibulum ante ipsum primis in faucibus orci luctus et ultrices posuere cubilia curae donec pharetra magna vestibulum aliquet ultrices erat tortor sollicitudin mi sit amet lobortis sapien sapien non mi integer ac neque duis bibendum morbi non quam nec', 3, 2);
insert into products (id, name, price, image, discount, description, categories_id, statuses_id) values (30, 'Apricots - Dried', 87.55, 'default.png', 53, 'quisque id justo sit amet sapien dignissim vestibulum vestibulum ante ipsum primis in faucibus orci luctus et ultrices posuere cubilia curae nulla dapibus dolor vel est donec odio justo sollicitudin', 1, 1);
insert into products (id, name, price, image, discount, description, categories_id, statuses_id) values (31, 'Wine - Acient Coast Caberne', 109.12, 'default.png', 10, 'duis mattis egestas metus aenean fermentum donec ut mauris eget massa tempor convallis nulla neque libero convallis eget eleifend luctus ultricies eu nibh quisque id justo sit amet sapien dignissim vestibulum vestibulum ante ipsum primis in faucibus orci luctus et ultrices posuere cubilia curae nulla', 2, 4);
insert into products (id, name, price, image, discount, description, categories_id, statuses_id) values (32, 'Pomegranates', 472.47, 'default.png', 30, 'neque sapien placerat ante nulla justo aliquam quis turpis eget elit sodales scelerisque mauris sit amet eros suspendisse accumsan tortor quis turpis sed ante vivamus tortor duis mattis egestas metus aenean fermentum donec ut mauris eget massa tempor convallis nulla neque libero convallis eget eleifend luctus ultricies eu nibh quisque', 1, 1);
insert into products (id, name, price, image, discount, description, categories_id, statuses_id) values (33, 'Bread - Roll, Soft White Round', 37.53, 'default.png', 89, 'felis fusce posuere felis sed lacus morbi sem mauris laoreet ut rhoncus aliquet pulvinar sed nisl nunc rhoncus dui vel sem sed sagittis nam congue risus semper porta volutpat quam pede lobortis', 4, 2);
insert into products (id, name, price, image, discount, description, categories_id, statuses_id) values (34, 'Remy Red Berry Infusion', 819.95, 'default.png', 29, 'aliquet at feugiat non pretium quis lectus suspendisse potenti in eleifend quam a odio in hac habitasse platea dictumst maecenas ut massa quis augue luctus tincidunt nulla mollis molestie lorem quisque ut erat curabitur gravida nisi at nibh in hac habitasse platea dictumst aliquam augue quam', 4, 4);
insert into products (id, name, price, image, discount, description, categories_id, statuses_id) values (35, 'Puree - Guava', 510.24, 'default.png', 58, 'amet cursus id turpis integer aliquet massa id lobortis convallis tortor risus dapibus augue vel accumsan tellus nisi eu orci mauris lacinia sapien quis libero nullam sit amet turpis elementum ligula vehicula consequat morbi a ipsum integer a nibh', 1, 4);
insert into products (id, name, price, image, discount, description, categories_id, statuses_id) values (36, 'Vinegar - Tarragon', 127.03, 'default.png', 21, 'nibh in hac habitasse platea dictumst aliquam augue quam sollicitudin vitae consectetuer eget rutrum at lorem integer tincidunt ante vel ipsum praesent blandit lacinia erat vestibulum sed magna at nunc commodo placerat praesent blandit nam nulla integer pede justo lacinia eget', 1, 4);
insert into products (id, name, price, image, discount, description, categories_id, statuses_id) values (37, 'Samosa - Veg', 463.12, 'default.png', 86, 'at feugiat non pretium quis lectus suspendisse potenti in eleifend quam a odio in hac habitasse platea dictumst maecenas ut massa quis augue luctus tincidunt nulla mollis molestie lorem quisque ut erat curabitur gravida nisi at nibh in hac habitasse platea dictumst', 2, 2);
insert into products (id, name, price, image, discount, description, categories_id, statuses_id) values (38, 'Blouse / Shirt / Sweater', 439.24, 'default.png', 88, 'non quam nec dui luctus rutrum nulla tellus in sagittis dui vel nisl duis ac nibh fusce lacus purus aliquet at feugiat non pretium quis lectus', 4, 3);
insert into products (id, name, price, image, discount, description, categories_id, statuses_id) values (39, 'Wine - Penfolds Koonuga Hill', 626.42, 'default.png', 30, 'maecenas tincidunt lacus at velit vivamus vel nulla eget eros elementum pellentesque quisque porta volutpat erat quisque erat eros viverra eget congue eget semper rutrum', 1, 4);
insert into products (id, name, price, image, discount, description, categories_id, statuses_id) values (40, 'Cleaner - Lime Away', 57.34, 'default.png', 61, 'consequat metus sapien ut nunc vestibulum ante ipsum primis in faucibus orci luctus et ultrices posuere cubilia curae mauris viverra diam vitae quam suspendisse potenti nullam porttitor lacus at turpis donec posuere metus vitae ipsum aliquam non mauris morbi non lectus aliquam sit amet diam in magna bibendum imperdiet', 4, 3);
insert into products (id, name, price, image, discount, description, categories_id, statuses_id) values (41, 'Tofu - Soft', 631.75, 'default.png', 80, 'ut nulla sed accumsan felis ut at dolor quis odio consequat varius integer ac leo pellentesque ultrices mattis odio donec vitae nisi nam ultrices libero non mattis pulvinar nulla pede ullamcorper augue a suscipit nulla elit ac nulla sed vel enim sit amet nunc viverra dapibus nulla', 1, 3);
insert into products (id, name, price, image, discount, description, categories_id, statuses_id) values (42, 'Tart - Pecan Butter Squares', 626.99, 'default.png', 91, 'nisl aenean lectus pellentesque eget nunc donec quis orci eget orci vehicula condimentum curabitur in libero ut massa volutpat convallis morbi odio odio elementum eu interdum eu tincidunt in leo maecenas pulvinar', 4, 4);
insert into products (id, name, price, image, discount, description, categories_id, statuses_id) values (43, 'Vodka - Smirnoff', 848.26, 'default.png', 82, 'eget eros elementum pellentesque quisque porta volutpat erat quisque erat eros viverra eget congue eget semper rutrum nulla nunc purus phasellus in felis donec semper sapien a libero nam dui proin leo odio porttitor', 3, 1);
insert into products (id, name, price, image, discount, description, categories_id, statuses_id) values (44, 'TEST', 600.5, 'default.png', 78, 'dui maecenas tristique est et tempus semper est quam pharetra magna ac consequat metus sapien ut nunc vestibulum ante ipsum primis in faucibus orci luctus et ultrices posuere cubilia curae mauris viverra diam vitae quam suspendisse potenti nullam porttitor lacus at turpis donec posuere metus', 4, 3);
insert into products (id, name, price, image, discount, description, categories_id, statuses_id) values (45, 'French Kiss Vanilla', 65.77, 'default.png', 90, 'in est risus auctor sed tristique in tempus sit amet sem fusce consequat nulla nisl nunc nisl duis bibendum felis sed interdum venenatis turpis enim blandit mi in porttitor pede justo eu massa donec dapibus duis at velit eu est congue elementum in hac habitasse', 2, 2);
insert into products (id, name, price, image, discount, description, categories_id, statuses_id) values (46, 'Neckerchief Blck', 153.85, 'default.png', 51, 'luctus tincidunt nulla mollis molestie lorem quisque ut erat curabitur gravida nisi at nibh in hac habitasse platea dictumst aliquam augue quam sollicitudin vitae consectetuer eget rutrum at lorem integer tincidunt ante vel ipsum praesent blandit lacinia erat vestibulum sed', 4, 2);
insert into products (id, name, price, image, discount, description, categories_id, statuses_id) values (47, 'Quail - Eggs, Fresh', 891.71, 'default.png', 84, 'elit sodales scelerisque mauris sit amet eros suspendisse accumsan tortor quis turpis sed ante vivamus tortor duis mattis egestas metus', 2, 2);
insert into products (id, name, price, image, discount, description, categories_id, statuses_id) values (48, 'Potatoes - Pei 10 Oz', 392.02, 'default.png', 80, 'semper est quam pharetra magna ac consequat metus sapien ut nunc vestibulum ante ipsum primis in faucibus orci luctus et ultrices posuere cubilia curae mauris viverra diam vitae quam suspendisse potenti nullam porttitor lacus at turpis donec posuere metus vitae ipsum aliquam non mauris morbi non lectus aliquam', 2, 4);
insert into products (id, name, price, image, discount, description, categories_id, statuses_id) values (49, 'Pastry - Choclate Baked', 710.42, 'default.png', 90, 'nec sem duis aliquam convallis nunc proin at turpis a pede posuere nonummy integer non velit donec diam neque vestibulum eget vulputate ut ultrices vel augue vestibulum ante ipsum primis in faucibus orci luctus et ultrices posuere cubilia curae', 2, 3);
insert into products (id, name, price, image, discount, description, categories_id, statuses_id) values (50, 'Squid - Breaded', 54.16, 'default.png', 17, 'lacinia eget tincidunt eget tempus vel pede morbi porttitor lorem id ligula suspendisse ornare consequat lectus in est risus auctor sed tristique in tempus sit amet sem fusce consequat nulla nisl nunc nisl duis bibendum felis sed interdum venenatis turpis enim blandit mi in porttitor pede justo', 2, 3);
insert into products (id, name, price, image, discount, description, categories_id, statuses_id) values (51, 'Oil - Olive', 676.95, 'default.png', 34, 'tellus nulla ut erat id mauris vulputate elementum nullam varius nulla facilisi cras non velit nec nisi vulputate nonummy maecenas tincidunt lacus at velit vivamus vel nulla eget eros elementum', 4, 4);
insert into products (id, name, price, image, discount, description, categories_id, statuses_id) values (52, 'Tray - 12in Rnd Blk', 70.39, 'default.png', 42, 'morbi sem mauris laoreet ut rhoncus aliquet pulvinar sed nisl nunc rhoncus dui vel sem sed sagittis nam congue risus semper porta volutpat quam pede lobortis ligula sit amet eleifend pede libero quis orci nullam molestie nibh in lectus', 3, 2);
insert into products (id, name, price, image, discount, description, categories_id, statuses_id) values (53, 'Kippers - Smoked', 196.32, 'default.png', 80, 'enim sit amet nunc viverra dapibus nulla suscipit ligula in lacus curabitur at ipsum ac tellus semper interdum mauris ullamcorper purus sit amet nulla', 4, 3);
insert into products (id, name, price, image, discount, description, categories_id, statuses_id) values (54, 'Flour - Strong Pizza', 880.76, 'default.png', 80, 'ultrices posuere cubilia curae duis faucibus accumsan odio curabitur convallis duis consequat dui nec nisi volutpat eleifend donec ut dolor morbi vel lectus in quam fringilla rhoncus mauris enim leo rhoncus sed vestibulum sit', 3, 1);
insert into products (id, name, price, image, discount, description, categories_id, statuses_id) values (55, 'Turnip - White', 537.76, 'default.png', 9, 'vulputate ut ultrices vel augue vestibulum ante ipsum primis in faucibus orci luctus et ultrices posuere cubilia curae donec pharetra magna vestibulum aliquet ultrices erat tortor sollicitudin mi sit amet lobortis sapien sapien non', 3, 2);
insert into products (id, name, price, image, discount, description, categories_id, statuses_id) values (56, 'Seabream Whole Farmed', 789.08, 'default.png', 10, 'sem duis aliquam convallis nunc proin at turpis a pede posuere nonummy integer non velit donec diam neque vestibulum eget vulputate ut ultrices vel augue vestibulum ante ipsum primis in faucibus orci luctus et ultrices posuere cubilia curae donec pharetra magna', 3, 2);
insert into products (id, name, price, image, discount, description, categories_id, statuses_id) values (57, 'Laundry - Bag Cloth', 544.23, 'default.png', 5, 'orci pede venenatis non sodales sed tincidunt eu felis fusce posuere felis sed lacus morbi sem mauris laoreet ut rhoncus aliquet pulvinar sed nisl nunc rhoncus dui vel sem sed sagittis nam congue risus semper porta volutpat quam pede lobortis ligula sit amet eleifend pede libero quis orci nullam', 2, 1);
insert into products (id, name, price, image, discount, description, categories_id, statuses_id) values (58, 'Crawfish', 230.51, 'default.png', 87, 'neque vestibulum eget vulputate ut ultrices vel augue vestibulum ante ipsum primis in faucibus orci luctus et ultrices posuere cubilia curae donec pharetra magna vestibulum aliquet ultrices erat tortor sollicitudin mi sit amet lobortis sapien sapien non mi integer ac neque duis bibendum morbi non quam nec', 3, 2);
insert into products (id, name, price, image, discount, description, categories_id, statuses_id) values (59, 'Chinese Foods - Pepper Beef', 324.1, 'default.png', 54, 'lectus pellentesque eget nunc donec quis orci eget orci vehicula condimentum curabitur in libero ut massa volutpat convallis morbi odio odio elementum eu interdum eu tincidunt in leo maecenas pulvinar', 1, 1);
insert into products (id, name, price, image, discount, description, categories_id, statuses_id) values (60, 'Soup - Beef Conomme, Dry', 644.0, 'default.png', 39, 'sapien quis libero nullam sit amet turpis elementum ligula vehicula consequat morbi a ipsum integer a nibh in quis justo maecenas', 4, 3);
insert into products (id, name, price, image, discount, description, categories_id, statuses_id) values (61, 'Carbonated Water - Raspberry', 580.48, 'default.png', 41, 'mi sit amet lobortis sapien sapien non mi integer ac neque duis bibendum morbi non quam nec dui luctus rutrum nulla tellus in sagittis dui vel nisl duis ac nibh fusce lacus purus aliquet at feugiat non pretium', 1, 4);
insert into products (id, name, price, image, discount, description, categories_id, statuses_id) values (62, 'Mushroom - Enoki, Dry', 916.43, 'default.png', 63, 'sapien in sapien iaculis congue vivamus metus arcu adipiscing molestie hendrerit at vulputate vitae nisl aenean lectus pellentesque eget nunc donec quis orci eget orci vehicula condimentum curabitur in libero ut massa volutpat convallis morbi odio odio', 1, 4);
insert into products (id, name, price, image, discount, description, categories_id, statuses_id) values (63, 'Oregano - Fresh', 283.04, 'default.png', 33, 'dolor morbi vel lectus in quam fringilla rhoncus mauris enim leo rhoncus sed vestibulum sit amet cursus id turpis integer aliquet massa id lobortis convallis tortor risus dapibus augue vel accumsan tellus nisi eu orci mauris lacinia', 4, 3);
insert into products (id, name, price, image, discount, description, categories_id, statuses_id) values (64, 'Tomatillo', 65.39, 'default.png', 28, 'id nisl venenatis lacinia aenean sit amet justo morbi ut odio cras mi pede malesuada in imperdiet et commodo vulputate justo in blandit ultrices enim lorem ipsum dolor sit amet consectetuer adipiscing elit proin interdum mauris non ligula pellentesque ultrices phasellus id sapien in sapien iaculis congue vivamus metus', 4, 3);
insert into products (id, name, price, image, discount, description, categories_id, statuses_id) values (65, 'Juice - Lemon', 84.44, 'default.png', 6, 'non mauris morbi non lectus aliquam sit amet diam in magna bibendum imperdiet nullam orci pede venenatis non sodales sed tincidunt eu felis fusce posuere felis sed lacus morbi sem mauris laoreet ut rhoncus aliquet pulvinar sed nisl nunc rhoncus dui vel sem sed', 2, 2);
insert into products (id, name, price, image, discount, description, categories_id, statuses_id) values (66, 'Wine - Chablis J Moreau Et Fils', 453.61, 'default.png', 71, 'porttitor pede justo eu massa donec dapibus duis at velit eu est congue elementum in hac habitasse platea dictumst morbi vestibulum velit id pretium iaculis diam erat fermentum justo nec condimentum neque sapien placerat ante nulla justo aliquam quis turpis eget elit sodales', 4, 2);
insert into products (id, name, price, image, discount, description, categories_id, statuses_id) values (67, 'Sugar - Cubes', 493.34, 'default.png', 79, 'venenatis non sodales sed tincidunt eu felis fusce posuere felis sed lacus morbi sem mauris laoreet ut rhoncus aliquet pulvinar sed nisl nunc rhoncus dui vel sem sed sagittis nam congue risus semper porta', 1, 1);
insert into products (id, name, price, image, discount, description, categories_id, statuses_id) values (68, 'Yogurt - Cherry, 175 Gr', 502.3, 'default.png', 38, 'condimentum neque sapien placerat ante nulla justo aliquam quis turpis eget elit sodales scelerisque mauris sit amet eros suspendisse accumsan tortor quis turpis sed ante vivamus tortor duis mattis egestas metus aenean fermentum donec ut mauris', 4, 3);
insert into products (id, name, price, image, discount, description, categories_id, statuses_id) values (69, 'Gherkin - Sour', 156.86, 'default.png', 87, 'erat id mauris vulputate elementum nullam varius nulla facilisi cras non velit nec nisi vulputate nonummy maecenas tincidunt lacus at velit vivamus', 1, 2);
insert into products (id, name, price, image, discount, description, categories_id, statuses_id) values (70, 'Langers - Cranberry Cocktail', 134.62, 'default.png', 27, 'dui proin leo odio porttitor id consequat in consequat ut nulla sed accumsan felis ut at dolor quis odio consequat varius integer ac leo pellentesque ultrices mattis odio donec vitae nisi nam ultrices', 2, 1);
insert into products (id, name, price, image, discount, description, categories_id, statuses_id) values (71, 'Cheese - Cheddar, Medium', 55.27, 'default.png', 97, 'eget massa tempor convallis nulla neque libero convallis eget eleifend luctus ultricies eu nibh quisque id justo sit amet sapien dignissim vestibulum vestibulum ante ipsum primis in', 4, 2);
insert into products (id, name, price, image, discount, description, categories_id, statuses_id) values (72, 'Wine - Chateau Aqueria Tavel', 715.3, 'default.png', 40, 'hac habitasse platea dictumst morbi vestibulum velit id pretium iaculis diam erat fermentum justo nec condimentum neque sapien placerat ante nulla justo aliquam quis turpis eget elit sodales scelerisque mauris sit', 4, 3);
insert into products (id, name, price, image, discount, description, categories_id, statuses_id) values (73, 'Yogurt - Strawberry, 175 Gr', 522.4, 'default.png', 96, 'mauris enim leo rhoncus sed vestibulum sit amet cursus id turpis integer aliquet massa id lobortis convallis tortor risus dapibus augue vel accumsan tellus nisi', 2, 1);
insert into products (id, name, price, image, discount, description, categories_id, statuses_id) values (74, 'Cherries - Maraschino,jar', 679.48, 'default.png', 59, 'sed vestibulum sit amet cursus id turpis integer aliquet massa id lobortis convallis tortor risus dapibus augue vel accumsan tellus nisi eu orci mauris lacinia sapien quis libero nullam sit amet', 4, 4);
insert into products (id, name, price, image, discount, description, categories_id, statuses_id) values (75, 'Spice - Pepper Portions', 211.01, 'default.png', 13, 'eget semper rutrum nulla nunc purus phasellus in felis donec semper sapien a libero nam dui proin leo odio porttitor id consequat in consequat ut nulla sed accumsan felis ut at dolor quis odio consequat varius integer ac leo pellentesque ultrices mattis odio donec vitae', 4, 3);
insert into products (id, name, price, image, discount, description, categories_id, statuses_id) values (76, 'Zucchini - Green', 423.12, 'default.png', 73, 'turpis integer aliquet massa id lobortis convallis tortor risus dapibus augue vel accumsan tellus nisi eu orci mauris lacinia sapien quis libero nullam sit amet turpis elementum ligula vehicula consequat morbi a ipsum integer a nibh in quis justo maecenas rhoncus aliquam lacus', 3, 2);
insert into products (id, name, price, image, discount, description, categories_id, statuses_id) values (77, 'Pasta - Spaghetti, Dry', 819.29, 'default.png', 84, 'tempor convallis nulla neque libero convallis eget eleifend luctus ultricies eu nibh quisque id justo sit amet sapien dignissim vestibulum vestibulum ante ipsum primis in faucibus orci', 1, 4);
insert into products (id, name, price, image, discount, description, categories_id, statuses_id) values (78, 'Petit Baguette', 685.97, 'default.png', 48, 'vel pede morbi porttitor lorem id ligula suspendisse ornare consequat lectus in est risus auctor sed tristique in tempus sit amet sem', 2, 2);
insert into products (id, name, price, image, discount, description, categories_id, statuses_id) values (79, 'Pasta - Rotini, Colour, Dry', 731.66, 'default.png', 32, 'volutpat convallis morbi odio odio elementum eu interdum eu tincidunt in leo maecenas pulvinar lobortis est phasellus sit amet erat nulla tempus vivamus in felis eu sapien cursus vestibulum proin eu mi nulla ac enim in tempor turpis nec euismod scelerisque quam turpis adipiscing lorem vitae', 1, 3);
insert into products (id, name, price, image, discount, description, categories_id, statuses_id) values (80, 'Wine - Jaboulet Cotes Du Rhone', 767.97, 'default.png', 31, 'lectus suspendisse potenti in eleifend quam a odio in hac habitasse platea dictumst maecenas ut massa quis augue luctus tincidunt nulla mollis molestie lorem quisque ut erat curabitur gravida nisi at nibh in hac habitasse platea dictumst aliquam augue', 4, 2);
insert into products (id, name, price, image, discount, description, categories_id, statuses_id) values (81, 'Yeast - Fresh, Fleischman', 394.04, 'default.png', 72, 'consequat lectus in est risus auctor sed tristique in tempus sit amet sem fusce consequat nulla nisl nunc nisl duis bibendum felis sed interdum venenatis turpis enim blandit mi', 2, 2);
insert into products (id, name, price, image, discount, description, categories_id, statuses_id) values (82, 'Wine - Niagara Peninsula Vqa', 167.3, 'default.png', 79, 'augue quam sollicitudin vitae consectetuer eget rutrum at lorem integer tincidunt ante vel ipsum praesent blandit lacinia erat vestibulum sed magna at nunc commodo placerat praesent blandit nam nulla integer pede justo lacinia eget tincidunt eget tempus vel pede', 4, 4);
insert into products (id, name, price, image, discount, description, categories_id, statuses_id) values (83, 'Pepper - Pablano', 188.85, 'default.png', 87, 'vulputate justo in blandit ultrices enim lorem ipsum dolor sit amet consectetuer adipiscing elit proin interdum mauris non ligula pellentesque ultrices phasellus id sapien in sapien iaculis congue vivamus metus arcu adipiscing molestie hendrerit at vulputate vitae nisl aenean lectus pellentesque eget nunc donec', 2, 1);
insert into products (id, name, price, image, discount, description, categories_id, statuses_id) values (84, 'Cheese - Gouda', 291.59, 'default.png', 13, 'fusce lacus purus aliquet at feugiat non pretium quis lectus suspendisse potenti in eleifend quam a odio in hac habitasse platea dictumst maecenas ut massa', 2, 1);
insert into products (id, name, price, image, discount, description, categories_id, statuses_id) values (85, 'Salmon Steak - Cohoe 6 Oz', 541.94, 'default.png', 63, 'sit amet sem fusce consequat nulla nisl nunc nisl duis bibendum felis sed interdum venenatis turpis enim blandit mi in porttitor pede justo eu massa donec dapibus duis at velit eu est congue elementum in hac habitasse platea dictumst morbi vestibulum velit id pretium iaculis', 3, 1);
insert into products (id, name, price, image, discount, description, categories_id, statuses_id) values (86, 'Mushroom - Shitake, Fresh', 249.54, 'default.png', 48, 'porta volutpat quam pede lobortis ligula sit amet eleifend pede libero quis orci nullam molestie nibh in lectus pellentesque at nulla suspendisse potenti cras in', 3, 2);
insert into products (id, name, price, image, discount, description, categories_id, statuses_id) values (87, 'Coffee - Ristretto Coffee Capsule', 810.59, 'default.png', 9, 'donec ut dolor morbi vel lectus in quam fringilla rhoncus mauris enim leo rhoncus sed vestibulum sit amet cursus id turpis integer aliquet massa id lobortis convallis tortor risus dapibus augue vel', 3, 4);
insert into products (id, name, price, image, discount, description, categories_id, statuses_id) values (88, 'Squash - Pepper', 515.36, 'default.png', 48, 'ac leo pellentesque ultrices mattis odio donec vitae nisi nam ultrices libero non mattis pulvinar nulla pede ullamcorper augue a suscipit nulla elit ac nulla sed vel enim sit amet nunc viverra dapibus nulla suscipit ligula in lacus curabitur at ipsum', 2, 3);
insert into products (id, name, price, image, discount, description, categories_id, statuses_id) values (89, 'Oxtail - Cut', 483.41, 'default.png', 95, 'erat eros viverra eget congue eget semper rutrum nulla nunc purus phasellus in felis donec semper sapien a libero nam dui proin leo odio porttitor id consequat', 4, 3);
insert into products (id, name, price, image, discount, description, categories_id, statuses_id) values (90, 'Asparagus - White, Fresh', 383.05, 'default.png', 77, 'eu sapien cursus vestibulum proin eu mi nulla ac enim in tempor turpis nec euismod scelerisque quam turpis adipiscing lorem vitae mattis nibh ligula nec sem duis aliquam', 1, 3);
insert into products (id, name, price, image, discount, description, categories_id, statuses_id) values (91, 'Gingerale - Diet - Schweppes', 815.81, 'default.png', 50, 'rutrum nulla nunc purus phasellus in felis donec semper sapien a libero nam dui proin leo odio porttitor id consequat in consequat ut', 1, 2);
insert into products (id, name, price, image, discount, description, categories_id, statuses_id) values (92, 'Wine - Placido Pinot Grigo', 344.75, 'default.png', 27, 'et tempus semper est quam pharetra magna ac consequat metus sapien ut nunc vestibulum ante ipsum primis in faucibus orci luctus et ultrices posuere cubilia curae mauris viverra diam vitae quam suspendisse potenti', 1, 3);
insert into products (id, name, price, image, discount, description, categories_id, statuses_id) values (93, 'Roe - Lump Fish, Red', 159.57, 'default.png', 57, 'habitasse platea dictumst morbi vestibulum velit id pretium iaculis diam erat fermentum justo nec condimentum neque sapien placerat ante nulla justo aliquam quis turpis eget elit sodales scelerisque mauris sit amet eros suspendisse accumsan tortor quis turpis sed ante vivamus tortor duis mattis egestas metus aenean fermentum', 4, 2);
insert into products (id, name, price, image, discount, description, categories_id, statuses_id) values (94, 'Yams', 164.07, 'default.png', 15, 'scelerisque quam turpis adipiscing lorem vitae mattis nibh ligula nec sem duis aliquam convallis nunc proin at turpis a pede posuere nonummy integer non velit donec diam neque vestibulum eget vulputate ut ultrices vel augue vestibulum ante ipsum primis in faucibus orci luctus et ultrices posuere cubilia curae donec', 2, 3);
insert into products (id, name, price, image, discount, description, categories_id, statuses_id) values (95, 'Mayonnaise - Individual Pkg', 946.95, 'default.png', 89, 'pede morbi porttitor lorem id ligula suspendisse ornare consequat lectus in est risus auctor sed tristique in tempus sit amet sem fusce consequat nulla nisl nunc nisl duis bibendum felis sed interdum venenatis', 2, 3);
insert into products (id, name, price, image, discount, description, categories_id, statuses_id) values (96, 'Ostrich - Fan Fillet', 592.78, 'default.png', 17, 'magnis dis parturient montes nascetur ridiculus mus vivamus vestibulum sagittis sapien cum sociis natoque penatibus et magnis dis parturient montes nascetur ridiculus mus etiam vel augue vestibulum rutrum rutrum neque aenean auctor gravida sem praesent id massa id nisl venenatis lacinia aenean sit', 4, 1);
insert into products (id, name, price, image, discount, description, categories_id, statuses_id) values (97, 'Cheese - La Sauvagine', 380.39, 'default.png', 8, 'amet consectetuer adipiscing elit proin risus praesent lectus vestibulum quam sapien varius ut blandit non interdum in ante vestibulum ante ipsum primis in faucibus orci luctus et ultrices posuere cubilia curae duis faucibus accumsan odio curabitur', 2, 4);
insert into products (id, name, price, image, discount, description, categories_id, statuses_id) values (98, 'Paper Cocktail Umberlla 80 - 180', 987.29, 'default.png', 29, 'ut tellus nulla ut erat id mauris vulputate elementum nullam varius nulla facilisi cras non velit nec nisi vulputate nonummy maecenas tincidunt lacus at velit vivamus vel nulla eget eros elementum pellentesque quisque porta', 1, 4);
insert into products (id, name, price, image, discount, description, categories_id, statuses_id) values (99, 'Beer - Corona', 216.93, 'default.png', 42, 'faucibus orci luctus et ultrices posuere cubilia curae duis faucibus accumsan odio curabitur convallis duis consequat dui nec nisi volutpat eleifend donec ut dolor morbi vel lectus in quam fringilla rhoncus mauris enim leo rhoncus sed vestibulum', 2, 1);
insert into products (id, name, price, image, discount, description, categories_id, statuses_id) values (100, 'Cloves - Ground', 400.07, 'default.png', 62, 'libero quis orci nullam molestie nibh in lectus pellentesque at nulla suspendisse potenti cras in purus eu magna vulputate luctus cum sociis natoque penatibus et magnis dis parturient montes nascetur ridiculus mus vivamus vestibulum sagittis sapien cum sociis natoque penatibus et magnis dis parturient montes', 2, 2);
UNLOCK TABLES;


LOCK TABLES `users` WRITE;
insert into users (id, username, email, password, image, first_name, last_name, address, phone, roles_id) values (1, 'laura.navarro', 'laura.navarro@test.com', '$2a$10$W3BT8l6zG42NrH7sLw9YI.GguVEfEbM67wuA3u0TyJPaDqT5u2pEC', 'img_user_1660593112594.png', 'Laura', 'Navarro', '05 Portage Avenue', '699-338-3959', 1);
insert into users (id, username, email, password, image, first_name, last_name, address, phone, roles_id) values (2, 'andres.escobar', 'andres.escobar@test.com', '$2a$10$8hbqjSNFfrdhk17E8R8sPOVYi9Ps5Ex8BLf5nIpK/gBRdxUD3rAQG', 'img_user_1660593294797.png', 'Andres', 'Escobar', '1 Warner Crossing', '128-679-9691', 1);
insert into users (id, username, email, password, image, first_name, last_name, address, phone, roles_id) values (3, 'guillermo.cochrane', 'guillermo.cochrane@test.com', '$2a$10$TXfuQc03/H8/rvX69X2Q0uorWYPTsyHBwC9gAA/YGdalnjewpuS2W', 'default.png', 'Guillermo', 'Cochrane', '51 Warrior Road', '932-230-7848', 1);
insert into users (id, username, email, password, image, first_name, last_name, address, phone, roles_id) values (4, 'ariel.murua', 'ariel.murua@test.com', '$2a$10$xtFiuXHCYTIaf8zFTNzl/OUAu5wodIGjk./6.qetK1xXJZ/JeJIBC', 'img_user_1660593634254.png', 'Ariel Nicolas', 'Murua', '469 Northland Crossing', '291-301-6958', 1);
insert into users (id, username, email, password, image, first_name, last_name, address, phone, roles_id) values (5, 'fabricio.celi', 'fabricio.celi@test.com', '$2a$10$fJStKTcvkvWpnoHYxmDG6u/Jc8JOLJwp.IHicsvsY4qN0qDlpvciG', 'img_user_1660593752197.png', 'Fabricio', 'Celi', '0090 Cascade Point', '827-599-5094', 1);
insert into users (id, username, email, password, image, first_name, last_name, address, phone, roles_id) values (6, 'YoungWolf', 'Winter@isComing.com', '$2a$10$RkugEYgTbj.KZyQ6PsnBVOHO7Z89KJuwtytfFm7V9eytxdAa7misC', 'img_user_1660593955448.jpg', 'Robb', 'Stark', 'Winterfell 123', '966-705-2501', 2);
insert into users (id, username, email, password, image, first_name, last_name, address, phone, roles_id) values (7, 'leo.messi10', 'leo.messi10@gmail.com.ar', '$2a$10$.bdXdoX.GgGzOcQOO.3CT.Z/mjrun9RsV7rwRHncK2qDWskO2/7IW', 'img_user_1660594047871.jpg', 'Leo', 'Messi', 'Paris Saint Germain', '35003000', 2);
insert into users (id, username, email, password, image, first_name, last_name, address, phone, roles_id) values (8, 'Admin123', 'admin123@google.com.br', '$2a$10$vS2GHQ44IXJ7HpgZmhsU9u6f6C7Ekq1.3S0nPNpkfX6LepM6xYHmy', 'aAdmin.png', 'Moderador', 'Generico', '2 Columbus Parkway', '913-213-2560', 1);
insert into users (id, username, email, password, image, first_name, last_name, address, phone, roles_id) values (9, 'jiacovuzzi0', 'jiacovuzzi0@quantcast.com', 'dDrtChZ', 'default.png', 'Joachim', 'Iacovuzzi', '99674 Banding Hill', '640-156-7174', 2);
insert into users (id, username, email, password, image, first_name, last_name, address, phone, roles_id) values (10, 'prue1', 'prue1@nifty.com', 'iA8ghSHvKS', 'default.png', 'Phillipe', 'Rue', '99337 Del Mar Street', '702-312-6840', 1);
insert into users (id, username, email, password, image, first_name, last_name, address, phone, roles_id) values (11, 'fmullane2', 'fmullane2@reuters.com', 'SvAlD8Z', 'default.png', 'Fay', 'Mullane', '898 Prairie Rose Avenue', '561-185-1532', 2);
insert into users (id, username, email, password, image, first_name, last_name, address, phone, roles_id) values (12, 'mivell3', 'mivell3@sina.com.cn', 'qWOrJR', 'default.png', 'Mercedes', 'Ivell', '596 Tennessee Park', '190-543-6273', 1);
insert into users (id, username, email, password, image, first_name, last_name, address, phone, roles_id) values (13, 'mroll4', 'mroll4@purevolume.com', 'IJm7lh4Yz', 'default.png', 'Manda', 'Roll', '05538 Pankratz Plaza', '616-173-9289', 2);
insert into users (id, username, email, password, image, first_name, last_name, address, phone, roles_id) values (14, 'ecroyser5', 'ecroyser5@youtu.be', '0Dm645OmC', 'default.png', 'Elva', 'Croyser', '222 Pawling Junction', '519-175-7472', 2);
insert into users (id, username, email, password, image, first_name, last_name, address, phone, roles_id) values (15, 'lwhittek6', 'lwhittek6@smh.com.au', 'PQDUGF', 'default.png', 'Luce', 'Whittek', '42 Bellgrove Road', '636-670-9873', 1);
insert into users (id, username, email, password, image, first_name, last_name, address, phone, roles_id) values (16, 'dprestedge7', 'dprestedge7@constantcontact.com', 'yFIaCjBrfKvb', 'default.png', 'Dickie', 'Prestedge', '30385 Longview Parkway', '225-980-8785', 1);
insert into users (id, username, email, password, image, first_name, last_name, address, phone, roles_id) values (17, 'mgoodinson8', 'mgoodinson8@rediff.com', 'CwxjQ3', 'default.png', 'Mortimer', 'Goodinson', '868 Division Point', '709-991-8174', 1);
insert into users (id, username, email, password, image, first_name, last_name, address, phone, roles_id) values (18, 'jjurs9', 'jjurs9@woothemes.com', 'n53brUKtaz', 'default.png', 'Jamesy', 'Jurs', '2717 Bartelt Court', '953-494-1330', 2);
insert into users (id, username, email, password, image, first_name, last_name, address, phone, roles_id) values (19, 'gwainscota', 'gwainscota@moonfruit.com', 'T5Yz3z', 'default.png', 'Geri', 'Wainscot', '5 Jenifer Pass', '120-181-2097', 1);
insert into users (id, username, email, password, image, first_name, last_name, address, phone, roles_id) values (20, 'wbeckinsaleb', 'wbeckinsaleb@amazon.co.jp', 'OSW1da', 'default.png', 'Witty', 'Beckinsale', '479 Porter Crossing', '757-913-8414', 1);
insert into users (id, username, email, password, image, first_name, last_name, address, phone, roles_id) values (21, 'tpagninc', 'tpagninc@theglobeandmail.com', 'ZjNu8gZycoh', 'default.png', 'Terri', 'Pagnin', '321 Fuller Street', '202-704-3442', 1);
insert into users (id, username, email, password, image, first_name, last_name, address, phone, roles_id) values (22, 'dpoletd', 'dpoletd@infoseek.co.jp', 'J35R2DV', 'default.png', 'Dill', 'Polet', '7991 Graceland Drive', '823-650-4528', 1);
insert into users (id, username, email, password, image, first_name, last_name, address, phone, roles_id) values (23, 'jclewarthe', 'jclewarthe@youku.com', 'vRnxIbjnJgWz', 'default.png', 'Jennine', 'Clewarth', '3 Shopko Avenue', '879-747-5175', 2);
insert into users (id, username, email, password, image, first_name, last_name, address, phone, roles_id) values (24, 'csommersettf', 'csommersettf@epa.gov', '6xsofLI', 'default.png', 'Corri', 'Sommersett', '74 Brown Circle', '190-965-8993', 2);
insert into users (id, username, email, password, image, first_name, last_name, address, phone, roles_id) values (25, 'vganfortheg', 'vganfortheg@newsvine.com', 'WfIFS1f90JTN', 'default.png', 'Virgina', 'Ganforthe', '0572 Morning Drive', '194-870-9557', 2);
insert into users (id, username, email, password, image, first_name, last_name, address, phone, roles_id) values (26, 'aharsumh', 'aharsumh@deliciousdays.com', '6zqkXhVFY', 'default.png', 'Ajay', 'Harsum', '839 Thierer Circle', '305-889-9091', 2);
insert into users (id, username, email, password, image, first_name, last_name, address, phone, roles_id) values (27, 'rlilywhitei', 'rlilywhitei@intel.com', 'gm22fhctNXc', 'default.png', 'Rosanne', 'Lilywhite', '54971 Burning Wood Road', '627-754-1980', 2);
insert into users (id, username, email, password, image, first_name, last_name, address, phone, roles_id) values (28, 'kbrookshawj', 'kbrookshawj@weather.com', 'TuI8dfM', 'default.png', 'Kath', 'Brookshaw', '91 Shopko Terrace', '666-748-8193', 1);
insert into users (id, username, email, password, image, first_name, last_name, address, phone, roles_id) values (29, 'rkellerk', 'rkellerk@npr.org', 'IhV2BgeHVnz', 'default.png', 'Read', 'Keller', '37997 East Pass', '140-359-1040', 2);
insert into users (id, username, email, password, image, first_name, last_name, address, phone, roles_id) values (30, 'loloshinl', 'loloshinl@jimdo.com', 'K7vfyqtr0Y', 'default.png', 'Lewiss', 'Oloshin', '909 Barnett Center', '647-908-1208', 1);
insert into users (id, username, email, password, image, first_name, last_name, address, phone, roles_id) values (31, 'caronowitzm', 'caronowitzm@smugmug.com', '0uAZLrb0IhX', 'default.png', 'Clay', 'Aronowitz', '1 American Ash Terrace', '604-154-1907', 1);
insert into users (id, username, email, password, image, first_name, last_name, address, phone, roles_id) values (32, 'bvenusn', 'bvenusn@bloglines.com', 'xxZSHbT', 'default.png', 'Britta', 'Venus', '05 Portage Avenue', '699-338-3959', 2);
insert into users (id, username, email, password, image, first_name, last_name, address, phone, roles_id) values (33, 'scolquitto', 'scolquitto@senate.gov', 'NcvDyjJuB', 'default.png', 'Sloane', 'Colquitt', '1 Warner Crossing', '128-679-9691', 2);
insert into users (id, username, email, password, image, first_name, last_name, address, phone, roles_id) values (34, 'mhyattp', 'mhyattp@va.gov', 'eZJP1bdzyX', 'default.png', 'Michail', 'Hyatt', '51 Warrior Road', '932-230-7848', 1);
insert into users (id, username, email, password, image, first_name, last_name, address, phone, roles_id) values (35, 'acreginq', 'acreginq@gnu.org', 'CdInodZGV', 'default.png', 'Amabel', 'Cregin', '469 Northland Crossing', '291-301-6958', 2);
insert into users (id, username, email, password, image, first_name, last_name, address, phone, roles_id) values (36, 'jnoicer', 'jnoicer@tinypic.com', 'CYVgqQUFh', 'default.png', 'Jacenta', 'Noice', '0090 Cascade Point', '827-599-5094', 1);
insert into users (id, username, email, password, image, first_name, last_name, address, phone, roles_id) values (37, 'astrattens', 'astrattens@hostgator.com', 'SRQ7oh5g6W', 'default.png', 'Albrecht', 'Stratten', '82036 Schiller Lane', '966-705-2501', 2);
insert into users (id, username, email, password, image, first_name, last_name, address, phone, roles_id) values (38, 'qtomlint', 'qtomlint@google.com.br', 'FJVgjk', 'default.png', 'Quentin', 'Tomlin', '2 Columbus Parkway', '913-213-2560', 1);
insert into users (id, username, email, password, image, first_name, last_name, address, phone, roles_id) values (39, 'kpatridge0', 'kpatridge0@wisc.edu', '1dJB8GH0', 'default.png', 'Kerwin', 'Patridge', '065 Victoria Avenue', '927-148-1159', 2);
insert into users (id, username, email, password, image, first_name, last_name, address, phone, roles_id) values (40, 'astorrar1', 'astorrar1@wikimedia.org', 'VyBSfL', 'default.png', 'Aluin', 'Storrar', '71 Bayside Road', '571-408-2976', 2);
insert into users (id, username, email, password, image, first_name, last_name, address, phone, roles_id) values (41, 'sfermer2', 'sfermer2@umn.edu', '6IX70u6zKK', 'default.png', 'Sallie', 'Fermer', '74992 Springview Crossing', '507-275-0537', 1);
insert into users (id, username, email, password, image, first_name, last_name, address, phone, roles_id) values (42, 'istove3', 'istove3@aboutads.info', 'gvkvkKYO', 'default.png', 'Irv', 'Stove', '01 Vidon Road', '361-642-5296', 2);
insert into users (id, username, email, password, image, first_name, last_name, address, phone, roles_id) values (43, 'bmckeurton4', 'bmckeurton4@bigcartel.com', 'aaXSZbi6E7', 'default.png', 'Bernete', 'McKeurton', '1 Burrows Way', '284-930-4278', 1);
insert into users (id, username, email, password, image, first_name, last_name, address, phone, roles_id) values (44, 'scasey5', 'scasey5@homestead.com', 'NOUu1iRTJ', 'default.png', 'Sheilah', 'Casey', '00009 Russell Parkway', '515-608-5830', 1);
insert into users (id, username, email, password, image, first_name, last_name, address, phone, roles_id) values (45, 'cmcging6', 'cmcging6@posterous.com', 'KVQiMgkl9R', 'default.png', 'Claudio', 'McGing', '074 Elmside Park', '110-122-1662', 1);
insert into users (id, username, email, password, image, first_name, last_name, address, phone, roles_id) values (46, 'ibeek7', 'ibeek7@un.org', 'P4l3EQgeTpmq', 'default.png', 'Idelle', 'Beek', '78076 Sauthoff Circle', '101-731-5052', 1);
insert into users (id, username, email, password, image, first_name, last_name, address, phone, roles_id) values (47, 'dellcock8', 'dellcock8@netscape.com', '4K51QBCak', 'default.png', 'Dotty', 'Ellcock', '6661 Helena Hill', '201-760-2633', 2);
insert into users (id, username, email, password, image, first_name, last_name, address, phone, roles_id) values (48, 'lwyllie9', 'lwyllie9@ucla.edu', 'h4yfjU929', 'default.png', 'Loise', 'Wyllie', '300 Pawling Plaza', '653-579-2356', 2);
insert into users (id, username, email, password, image, first_name, last_name, address, phone, roles_id) values (49, 'mgionettittia', 'mgionettittia@infoseek.co.jp', 'z6tviCQFf', 'default.png', 'Margaux', 'Gionettitti', '9 8th Way', '891-699-7721', 1);
insert into users (id, username, email, password, image, first_name, last_name, address, phone, roles_id) values (50, 'tsandsallanb', 'tsandsallanb@macromedia.com', 'EGTZnXsGaA6W', 'default.png', 'Thomasin', 'Sands-Allan', '5 Ryan Drive', '726-727-7828', 2);
UNLOCK TABLES;


LOCK TABLES `favourites` WRITE;
insert into favourites (id, users_id, products_id) values (1, 36, 30);
insert into favourites (id, users_id, products_id) values (2, 15, 27);
insert into favourites (id, users_id, products_id) values (3, 31, 17);
insert into favourites (id, users_id, products_id) values (4, 27, 13);
insert into favourites (id, users_id, products_id) values (5, 33, 29);
insert into favourites (id, users_id, products_id) values (6, 28, 3);
insert into favourites (id, users_id, products_id) values (7, 28, 6);
insert into favourites (id, users_id, products_id) values (8, 13, 28);
insert into favourites (id, users_id, products_id) values (9, 21, 7);
insert into favourites (id, users_id, products_id) values (10, 36, 9);
insert into favourites (id, users_id, products_id) values (11, 33, 30);
insert into favourites (id, users_id, products_id) values (12, 20, 5);
insert into favourites (id, users_id, products_id) values (13, 11, 3);
insert into favourites (id, users_id, products_id) values (14, 30, 23);
insert into favourites (id, users_id, products_id) values (15, 37, 14);
insert into favourites (id, users_id, products_id) values (16, 33, 23);
insert into favourites (id, users_id, products_id) values (17, 28, 30);
insert into favourites (id, users_id, products_id) values (18, 37, 16);
insert into favourites (id, users_id, products_id) values (19, 36, 6);
insert into favourites (id, users_id, products_id) values (20, 8, 7);
insert into favourites (id, users_id, products_id) values (21, 6, 15);
insert into favourites (id, users_id, products_id) values (22, 7, 6);
insert into favourites (id, users_id, products_id) values (23, 4, 17);
insert into favourites (id, users_id, products_id) values (24, 23, 16);
insert into favourites (id, users_id, products_id) values (25, 9, 16);
insert into favourites (id, users_id, products_id) values (26, 8, 30);
insert into favourites (id, users_id, products_id) values (27, 34, 27);
insert into favourites (id, users_id, products_id) values (28, 16, 20);
insert into favourites (id, users_id, products_id) values (29, 9, 24);
insert into favourites (id, users_id, products_id) values (30, 11, 7);
insert into favourites (id, users_id, products_id) values (31, 5, 13);
insert into favourites (id, users_id, products_id) values (32, 31, 28);
insert into favourites (id, users_id, products_id) values (33, 21, 9);
insert into favourites (id, users_id, products_id) values (34, 34, 16);
insert into favourites (id, users_id, products_id) values (35, 11, 30);
insert into favourites (id, users_id, products_id) values (36, 32, 1);
insert into favourites (id, users_id, products_id) values (37, 22, 28);
insert into favourites (id, users_id, products_id) values (38, 46, 10);
insert into favourites (id, users_id, products_id) values (39, 39, 21);
insert into favourites (id, users_id, products_id) values (40, 12, 47);
insert into favourites (id, users_id, products_id) values (41, 23, 90);
insert into favourites (id, users_id, products_id) values (42, 31, 77);
insert into favourites (id, users_id, products_id) values (43, 1, 90);
insert into favourites (id, users_id, products_id) values (44, 2, 25);
insert into favourites (id, users_id, products_id) values (45, 7, 94);
insert into favourites (id, users_id, products_id) values (46, 27, 13);
insert into favourites (id, users_id, products_id) values (47, 47, 98);
insert into favourites (id, users_id, products_id) values (48, 45, 76);
insert into favourites (id, users_id, products_id) values (49, 17, 100);
insert into favourites (id, users_id, products_id) values (50, 10, 37);
UNLOCK TABLES;
